Window,Start,End,window_years,coef,se,pval,nobs,treated,clusters
1992-1999,1992,1999,8,-0.002097161497686157,0.006076775026813433,0.7300109746540815,336255,875,1080
1992-2000,1992,2000,9,-0.0057049720563875595,0.005823514456252379,0.3272617877518985,379754,991,1196
1992-2001,1992,2001,10,-0.003570936896274662,0.006031603554248953,0.5538253211761397,423194,1109,1310
1992-2002,1992,2002,11,-0.002810509674362074,0.006303236079539662,0.6556813202052532,465723,1219,1418
1992-2003,1992,2003,12,-0.003121197429057266,0.006217081804740462,0.6156423621581532,509104,1337,1529
1992-2004,1992,2004,13,-0.0011454441442588733,0.006272636961646989,0.8551042990374048,553279,1454,1647
1992-2005,1992,2005,14,0.0036753446299661137,0.006128553710291182,0.5487006445511782,597247,1569,1769
1992-2006,1992,2006,15,0.007146580030735023,0.006107971561684867,0.24198428020148777,640834,1686,1889
1992-2007,1992,2007,16,0.009709644100493275,0.006034502596456749,0.1076116520500223,685059,1804,2006
1992-2008,1992,2008,17,0.011060271983132107,0.005950456669758588,0.06306590372163164,729073,1926,2121
1992-2009,1992,2009,18,0.011618794117228408,0.005760802719486175,0.04370901019950218,772308,2042,2246
1992-2010,1992,2010,19,0.01279155015834758,0.005724976044261952,0.02546062781484686,817358,2161,2368
1992-2011,1992,2011,20,0.013053643199300516,0.005751914166810473,0.023241380177402186,862386,2281,2491
1992-2012,1992,2012,21,0.012701446317855782,0.00572782005044651,0.026588879225526805,907148,2401,2608
1992-2013,1992,2013,22,0.012785021407875205,0.005718629584712569,0.02537279026831862,951915,2522,2723
1992-2014,1992,2014,23,0.01156794089495386,0.005672290702398188,0.041412386211254884,996899,2643,2846
1992-2015,1992,2015,24,0.010265560049007427,0.0057983080639491084,0.07665377020007642,1041837,2764,2960
1992-2016,1992,2016,25,0.009087210991951223,0.005975164895250243,0.12830246338651002,1086689,2883,3056
1992-2017,1992,2017,26,0.00799896632852148,0.006106182097908089,0.19020316090677825,1132633,2987,3175
1992-2018,1992,2018,27,0.00782182837435974,0.006272117129409853,0.2123683674992416,1178658,3079,3308
1992-2019,1992,2019,28,0.009422342430473352,0.00643528166763138,0.14314767170338702,1224678,3155,3460
1993-2000,1993,2000,8,-0.005550285166484635,0.005806182470038616,0.3391092407847798,341299,881,1072
1993-2001,1993,2001,9,-0.0027887671211376695,0.006124343645246062,0.6488519117160456,384739,999,1186
1993-2002,1993,2002,10,-0.0018774449971501327,0.006416973206963308,0.7698471369348145,427268,1109,1294
1993-2003,1993,2003,11,-0.0018660865557185644,0.006211361159423607,0.763848284143258,470649,1227,1405
1993-2004,1993,2004,12,0.0006930316356525707,0.006184400195916387,0.9107748394035027,514824,1344,1523
1993-2005,1993,2005,13,0.006241815260676123,0.0059945552565843505,0.29776072763017203,558792,1459,1645
1993-2006,1993,2006,14,0.010191492403416252,0.005943177418034195,0.08637783534139351,602379,1576,1765
1993-2007,1993,2007,15,0.012893526923097908,0.005831063390120697,0.027023420178511903,646604,1694,1882
1993-2008,1993,2008,16,0.014217927644198936,0.005723361653184685,0.012984587925203784,690618,1816,1997
1993-2009,1993,2009,17,0.014769744722799408,0.005529282114254508,0.0075583598912001325,733853,1932,2122
1993-2010,1993,2010,18,0.015920697591527,0.005492650843374351,0.0037489808099307052,778903,2051,2244
1993-2011,1993,2011,19,0.015986053186946722,0.005541734137655013,0.003918288672083854,823931,2171,2367
1993-2012,1993,2012,20,0.015559844170726422,0.0055534586513468175,0.0050813723947282785,868693,2291,2484
1993-2013,1993,2013,21,0.015539485630988642,0.005569782385558876,0.005271409873279103,913460,2412,2599
1993-2014,1993,2014,22,0.014244449169476857,0.005534485578529202,0.010059942159828484,958444,2533,2722
1993-2015,1993,2015,23,0.01281310486026617,0.00569376603633525,0.024425193874693663,1003382,2654,2836
1993-2016,1993,2016,24,0.011553943449273966,0.005903638726205717,0.050337064452333394,1048234,2773,2932
1993-2017,1993,2017,25,0.010356472341534861,0.006059754762313431,0.0874402068001558,1094178,2877,3051
1993-2018,1993,2018,26,0.010166388250102222,0.006244741034980055,0.10352658878262545,1140203,2969,3184
1993-2019,1993,2019,27,0.011878217370541302,0.006417599031342064,0.06418655683044099,1186223,3045,3336
1994-2001,1994,2001,8,-0.00031147646288565796,0.006207866768898685,0.9599833510426388,343146,890,1059
1994-2002,1994,2002,9,0.001122762176256052,0.006439507206412991,0.861586245830393,385675,1000,1167
1994-2003,1994,2003,10,0.0013884963214782463,0.006099013802441607,0.8199112291037842,429056,1118,1278
1994-2004,1994,2004,11,0.004196437098636426,0.006033612777145103,0.48673584243163426,473231,1235,1396
1994-2005,1994,2005,12,0.009964273423326318,0.005831107158481816,0.08748553966743516,517199,1350,1518
1994-2006,1994,2006,13,0.014018536209659416,0.005796549581583226,0.015587741905779865,560786,1467,1638
1994-2007,1994,2007,14,0.016465980975999005,0.0056692451750646414,0.0036791102006071123,605011,1585,1755
1994-2008,1994,2008,15,0.017438413107685326,0.005561258435740859,0.0017144710803514381,649025,1707,1870
1994-2009,1994,2009,16,0.01784200550410292,0.005371022133616823,0.0008940630800090069,692260,1823,1995
1994-2010,1994,2010,17,0.018944877333038797,0.005343965596761617,0.0003924683693650414,737310,1942,2117
1994-2011,1994,2011,18,0.018802802274494625,0.005424302146220623,0.0005274774321915212,782338,2062,2240
1994-2012,1994,2012,19,0.018176137480104534,0.00546333774689241,0.0008780870331766777,827100,2182,2357
1994-2013,1994,2013,20,0.01795491009734242,0.0054943584438227906,0.0010835587741683435,871867,2303,2472
1994-2014,1994,2014,21,0.016536531498137937,0.005460173111113347,0.002457119080747674,916851,2424,2595
1994-2015,1994,2015,22,0.014956538955262765,0.005649083845994982,0.008106433755217399,961789,2545,2709
1994-2016,1994,2016,23,0.013654300452136049,0.005885134771440272,0.020333637160591465,1006641,2664,2805
1994-2017,1994,2017,24,0.01234942082548458,0.006066597124883609,0.0417863018440347,1052585,2768,2924
1994-2018,1994,2018,25,0.01216516959378166,0.006269869449858931,0.05234824148435113,1098610,2860,3057
1994-2019,1994,2019,26,0.013960675521735013,0.006450735503639191,0.03044907768909546,1144630,2936,3209
1995-2002,1995,2002,8,0.0029674768139528775,0.0061884567422982985,0.6315701184697878,343796,893,1053
1995-2003,1995,2003,9,0.003202452212457766,0.0057513219469581805,0.5776502839509717,387177,1011,1164
1995-2004,1995,2004,10,0.00637368421868172,0.0056369611882504545,0.2581834575768286,431352,1128,1282
1995-2005,1995,2005,11,0.012329075034231154,0.0054270910940260285,0.023100714167796854,475320,1243,1404
1995-2006,1995,2006,12,0.01636798467420662,0.005442583360085329,0.0026349925465879776,518907,1360,1524
1995-2007,1995,2007,13,0.01843242914708427,0.00531627128491066,0.0005259644046098189,563132,1478,1641
1995-2008,1995,2008,14,0.019156700449399044,0.005228844047716372,0.00024863795771319956,607146,1600,1756
1995-2009,1995,2009,15,0.019338039792154874,0.005040970123924229,0.00012496575846732938,650381,1716,1881
1995-2010,1995,2010,16,0.020235447811977104,0.00503563861252916,5.858293629263145e-05,695431,1835,2003
1995-2011,1995,2011,17,0.0199180292319632,0.005158227459028345,0.00011273470629675238,740459,1955,2126
1995-2012,1995,2012,18,0.019080922471922283,0.0052375329160527645,0.00026936087108811365,785221,2075,2243
1995-2013,1995,2013,19,0.018740771587569503,0.005293049323488918,0.00039916082500384814,829988,2196,2358
1995-2014,1995,2014,20,0.01729837027345296,0.00526104524895464,0.001008981952472206,874972,2317,2481
1995-2015,1995,2015,21,0.015699614276857794,0.005487779065141038,0.00422530812721061,919910,2438,2595
1995-2016,1995,2016,22,0.01442969727860682,0.0057600901076774865,0.012241103562125186,964762,2557,2691
1995-2017,1995,2017,23,0.013075553480706634,0.005972039330931719,0.028563273899716843,1010706,2661,2810
1995-2018,1995,2018,24,0.012904232049214214,0.006195943900269797,0.0372794652957421,1056731,2753,2943
1995-2019,1995,2019,25,0.014785630218056366,0.006386359875489852,0.020602590266663303,1102751,2829,3095
1996-2003,1996,2003,8,0.0041944227916003475,0.005695539894338832,0.46146303424794577,344796,904,1044
1996-2004,1996,2004,9,0.0075716560302027044,0.0055339032995373825,0.17123989495956082,388971,1021,1162
1996-2005,1996,2005,10,0.013672871469651536,0.005377943532882158,0.011009481244417738,432939,1136,1284
1996-2006,1996,2006,11,0.017576728238314968,0.005446559358279509,0.0012504079271473943,476526,1253,1404
1996-2007,1996,2007,12,0.019347529755845295,0.005313440301817795,0.0002713244030573573,520751,1371,1521
1996-2008,1996,2008,13,0.01973496495610777,0.005239802893524104,0.00016564731250331093,564765,1493,1636
1996-2009,1996,2009,14,0.01974630212604249,0.0050412088003366625,8.966606366780947e-05,608000,1609,1761
1996-2010,1996,2010,15,0.020531243656857764,0.005053328560364977,4.84637116393159e-05,653050,1728,1883
1996-2011,1996,2011,16,0.02000568841883859,0.00519837046417258,0.00011886572198922564,698078,1848,2006
1996-2012,1996,2012,17,0.018898499721626626,0.005303400690696682,0.0003659870475141485,742840,1968,2123
1996-2013,1996,2013,18,0.018465507939177662,0.005371570395421298,0.0005868142707510352,787607,2089,2238
1996-2014,1996,2014,19,0.01699478677805969,0.005338217418525321,0.0014545230297352287,832591,2210,2361
1996-2015,1996,2015,20,0.015413111238818934,0.00559497547928113,0.005872568745357898,877529,2331,2475
1996-2016,1996,2016,21,0.01420506683284882,0.00589835938216251,0.016026648227798902,922381,2450,2571
1996-2017,1996,2017,22,0.012837631190834805,0.006131672606472922,0.03629037275544586,968325,2554,2690
1996-2018,1996,2018,23,0.012739496763601494,0.006367004374550743,0.04540726948255174,1014350,2646,2823
1996-2019,1996,2019,24,0.014754647919318655,0.0065626017768616995,0.024557548881793262,1060370,2722,2975
1997-2004,1997,2004,8,0.009081919773451312,0.005386396352302413,0.09177951166275582,346203,915,1039
1997-2005,1997,2005,9,0.014917116175679555,0.005322159852191806,0.005065616005073008,390171,1030,1161
1997-2006,1997,2006,10,0.018555258602511903,0.0055327062039863106,0.0007972721325044758,433758,1147,1281
1997-2007,1997,2007,11,0.019950240698193917,0.005406507343853801,0.0002242167814083715,477983,1265,1398
1997-2008,1997,2008,12,0.019803023013489553,0.005343615399192042,0.0002106229389099299,521997,1387,1513
1997-2009,1997,2009,13,0.019594581065311107,0.005115510209633726,0.0001279218287123304,565232,1503,1638
1997-2010,1997,2010,14,0.020228052533658808,0.005135821078390579,8.195127718254473e-05,610282,1622,1760
1997-2011,1997,2011,15,0.019471453786486324,0.005291433983670496,0.00023341089040946223,655310,1742,1883
1997-2012,1997,2012,16,0.018041017352191217,0.005400341052493834,0.0008356200613285723,700072,1862,2000
1997-2013,1997,2013,17,0.017538704715712162,0.005457873576824176,0.0013114219055294335,744839,1983,2115
1997-2014,1997,2014,18,0.01608586963865947,0.005420267389396823,0.0030001142610438,789823,2104,2238
1997-2015,1997,2015,19,0.014540324151795674,0.005704896285179779,0.010811141278036467,834761,2225,2352
1997-2016,1997,2016,20,0.013418266191336254,0.006038618981139692,0.02627821600209773,879613,2344,2448
1997-2017,1997,2017,21,0.012039535029613054,0.006289844445399631,0.05560445942471879,925557,2448,2567
1997-2018,1997,2018,22,0.012024637511208433,0.006533146957436205,0.06568632113876155,971582,2540,2700
1997-2019,1997,2019,23,0.014149214969287324,0.00672531050793953,0.035389322120244926,1017602,2616,2852
1998-2005,1998,2005,8,0.011326971542334316,0.005132384660441857,0.02731680100951159,347411,921,1040
1998-2006,1998,2006,9,0.0153357107839289,0.005495090018785295,0.00525775490469944,390998,1038,1160
1998-2007,1998,2007,10,0.016865220672775922,0.005369875008979779,0.0016853877178730624,435223,1156,1277
1998-2008,1998,2008,11,0.016650393656880032,0.005302044881572229,0.0016873338500342963,479237,1278,1392
1998-2009,1998,2009,12,0.016577443401956007,0.005057124868230679,0.0010453162186059234,522472,1394,1517
1998-2010,1998,2010,13,0.017481583771538647,0.005095291857998805,0.0006015183758079213,567522,1513,1639
1998-2011,1998,2011,14,0.016810682387930556,0.005261199737078952,0.0013972504549087648,612550,1633,1762
1998-2012,1998,2012,15,0.015492218230095082,0.005382718803072219,0.004000275823726084,657312,1753,1879
1998-2013,1998,2013,16,0.015116397642585919,0.005446277620834903,0.005510899155170311,702079,1874,1994
1998-2014,1998,2014,17,0.013762013515220543,0.0054045594389200025,0.01088494292302696,747063,1995,2117
1998-2015,1998,2015,18,0.012285213726121425,0.0057343440297576605,0.03216193777010254,792001,2116,2231
1998-2016,1998,2016,19,0.011342687713415938,0.006116123749957899,0.06365980313395257,836853,2235,2327
1998-2017,1998,2017,20,0.010018204237206877,0.006386534068930583,0.11673069893133421,882797,2339,2446
1998-2018,1998,2018,21,0.010201587774289273,0.006637454147950644,0.12429992281322975,928822,2431,2579
1998-2019,1998,2019,22,0.012584769953739663,0.006830227314515867,0.06540041773262087,974842,2507,2731
1999-2006,1999,2006,8,0.011717882874564428,0.0060060943307177666,0.05105718768923478,347881,925,1041
1999-2007,1999,2007,9,0.013912739814971155,0.005726928038802806,0.015125724429382814,392106,1043,1158
1999-2008,1999,2008,10,0.013641925148315895,0.0055618219195531565,0.014175703654448505,436120,1165,1273
1999-2009,1999,2009,11,0.01384803376302306,0.005285932970002801,0.008798395672965958,479355,1281,1398
1999-2010,1999,2010,12,0.0149965188286412,0.005301356776709394,0.00467217645094824,524405,1400,1520
1999-2011,1999,2011,13,0.013992627660215324,0.005459602484606954,0.010379030787036484,569433,1520,1643
1999-2012,1999,2012,14,0.012646316030480154,0.005558564527691822,0.022899652509347643,614195,1640,1760
1999-2013,1999,2013,15,0.012288475169501486,0.005583484578747393,0.027745843840545223,658962,1761,1875
1999-2014,1999,2014,16,0.011074239977602762,0.005519089018441595,0.04479930087616844,703946,1882,1998
1999-2015,1999,2015,17,0.009669253494225066,0.005878661031716219,0.10000994526483094,748884,2003,2112
1999-2016,1999,2016,18,0.008885808262535764,0.006293892707266659,0.15800462170084917,793736,2122,2208
1999-2017,1999,2017,19,0.007612717187793979,0.006576390629337149,0.24703430008835403,839680,2226,2327
1999-2018,1999,2018,20,0.00796834594780553,0.00683027044616343,0.2433629259231168,885705,2318,2460
1999-2019,1999,2019,21,0.01057897621984662,0.007013636379632672,0.13146651226709524,931725,2394,2612
2000-2007,2000,2007,8,0.014920834982753421,0.005915039962115378,0.011651573482632559,348804,929,1042
2000-2008,2000,2008,9,0.013834390592101573,0.005688130532831213,0.015009461393098755,392818,1051,1157
2000-2009,2000,2009,10,0.013888744672667864,0.005350107081337479,0.009432290521078381,436053,1167,1282
2000-2010,2000,2010,11,0.01478854704581923,0.00536194275880731,0.005814594892688385,481103,1286,1404
2000-2011,2000,2011,12,0.013198958444581,0.005480578998289789,0.016026363807513294,526131,1406,1527
2000-2012,2000,2012,13,0.011453127858662666,0.005548880866400291,0.039013654120049465,570893,1526,1644
2000-2013,2000,2013,14,0.01102286497380064,0.005532343356511809,0.04632274720639913,615660,1647,1759
2000-2014,2000,2014,15,0.0096470431154668,0.005496595707891318,0.07924320033433861,660644,1768,1882
2000-2015,2000,2015,16,0.008108205276154058,0.005926595039084118,0.17127916063173587,705582,1889,1996
2000-2016,2000,2016,17,0.0073206709757767125,0.006389207701293977,0.2518833050742072,750434,2008,2092
2000-2017,2000,2017,18,0.006027677236452863,0.006691599537191103,0.3677038565904638,796378,2112,2211
2000-2018,2000,2018,19,0.006534444685462578,0.006950986778712313,0.34717940203050446,842403,2204,2344
2000-2019,2000,2019,20,0.009334316064590419,0.0071249839468665475,0.19016796192153018,888423,2280,2496
2001-2008,2001,2008,8,0.014764865736290607,0.0059949454010966505,0.013782381700730931,349319,935,1043
2001-2009,2001,2009,9,0.014505886344591077,0.005532412555431884,0.008742003837886503,392554,1051,1168
2001-2010,2001,2010,10,0.015076427292364834,0.005495996834043672,0.006085006279449928,437604,1170,1290
2001-2011,2001,2011,11,0.012973140635936239,0.005496020048325188,0.018252240455209533,482632,1290,1413
2001-2012,2001,2012,12,0.010981760656038784,0.005462066913216382,0.044372970706331366,527394,1410,1530
2001-2013,2001,2013,13,0.010634288309882526,0.005368835455858086,0.04761999612327154,572161,1531,1645
2001-2014,2001,2014,14,0.009185331283778778,0.0054021117319750156,0.08907030977742202,617145,1652,1768
2001-2015,2001,2015,15,0.007417790187673454,0.005932061963399483,0.2111325441305658,662083,1773,1882
2001-2016,2001,2016,16,0.006608598410217008,0.0064636722823565185,0.3065813830687545,706935,1892,1978
2001-2017,2001,2017,17,0.005281886551886976,0.006789467836880455,0.43659674933421944,752879,1996,2097
2001-2018,2001,2018,18,0.005937317825112644,0.007058101772568673,0.40023251873762344,798904,2088,2230
2001-2019,2001,2019,19,0.008957609964161199,0.007216672814365872,0.21451776749474738,844924,2164,2382
2002-2009,2002,2009,8,0.014697326585642191,0.005436686175522494,0.006864210498438394,349114,933,1056
2002-2010,2002,2010,9,0.014894985622387776,0.0054683013945880906,0.006452034395023861,394164,1052,1178
2002-2011,2002,2011,10,0.011959275392910224,0.005416766510510033,0.027256437654635604,439192,1172,1301
2002-2012,2002,2012,11,0.009602231991657833,0.00532583930777566,0.07139577224055581,483954,1292,1418
2002-2013,2002,2013,12,0.009213686101421911,0.005158779008840711,0.07409590642253311,528721,1413,1533
2002-2014,2002,2014,13,0.007568615157337358,0.005327251013718179,0.1553936393689015,573705,1534,1656
2002-2015,2002,2015,14,0.0055598183196029684,0.0059959066243091535,0.35378688719637397,618643,1655,1770
2002-2016,2002,2016,15,0.004638691764390589,0.006614164675189003,0.48309901514636155,663495,1774,1866
2002-2017,2002,2017,16,0.0032343415041657217,0.006960830017555485,0.6421829598955823,709439,1878,1985
2002-2018,2002,2018,17,0.004011287820529808,0.007238604586927771,0.5794747673166787,755464,1970,2118
2002-2019,2002,2019,18,0.0072500406720684895,0.007376997685870228,0.32571073003640816,801484,2046,2270
2003-2010,2003,2010,8,0.012293939339831642,0.005357379732600664,0.021746468761606248,351635,942,1071
2003-2011,2003,2011,9,0.008974879948977436,0.005295779943395854,0.09012798486103897,396663,1062,1194
2003-2012,2003,2012,10,0.006287981530466078,0.005220092317321332,0.22836823930467653,441425,1182,1311
2003-2013,2003,2013,11,0.006063763670566323,0.005014089500625061,0.22653035967016322,486192,1303,1426
2003-2014,2003,2014,12,0.004027040067537125,0.00537885687134717,0.4540503806326549,531176,1424,1549
2003-2015,2003,2015,13,0.0018656074960827756,0.006166724325434611,0.7622495029939882,576114,1545,1663
2003-2016,2003,2016,14,0.0008733789877611664,0.006848758284991799,0.8985259174821867,620966,1664,1759
2003-2017,2003,2017,15,-0.0005189402778272125,0.007197892218194597,0.9425253944453308,666910,1768,1878
2003-2018,2003,2018,16,0.00047415361358215053,0.00745908941436453,0.9493148297636359,712935,1860,2011
2003-2019,2003,2019,17,0.0040371097048855584,0.00757517893735095,0.5940756775629168,758955,1936,2163
2004-2011,2004,2011,8,0.007155820219867928,0.005549143938941579,0.19721185043475054,353282,944,1077
2004-2012,2004,2012,9,0.0036297946297641406,0.005361635200713812,0.4984097886023391,398044,1064,1194
2004-2013,2004,2013,10,0.003364254425433024,0.005051303447932995,0.5054001765842151,442811,1185,1309
2004-2014,2004,2014,11,0.0010888035386590672,0.005670407436810991,0.847730420570563,487795,1306,1432
2004-2015,2004,2015,12,-0.001306522730768948,0.0065693658044520395,0.8423557502366956,532733,1427,1546
2004-2016,2004,2016,13,-0.0023155327551491684,0.007285245250939032,0.7506073063041578,577585,1546,1642
2004-2017,2004,2017,14,-0.0036474286298066655,0.00760399838030722,0.6314603116327164,623529,1650,1761
2004-2018,2004,2018,15,-0.0022715039831271884,0.00781118391148848,0.7712031395462611,669554,1742,1894
2004-2019,2004,2019,16,0.001797840595256212,0.00787042895445701,0.8193121165089506,715574,1818,2046
2005-2012,2005,2012,8,0.0023974834539825587,0.005939756023567317,0.6864823785394829,353869,947,1071
2005-2013,2005,2013,9,0.0017228827818635203,0.005486157901200931,0.7534893083794951,398636,1068,1186
2005-2014,2005,2014,10,-0.0007079027233610289,0.0063607199579111436,0.9113841161822014,443620,1189,1309
2005-2015,2005,2015,11,-0.0037916389412208096,0.007301580407522881,0.6035584062842783,488558,1310,1423
2005-2016,2005,2016,12,-0.004892785070586089,0.00799329365754281,0.5404641466711888,533410,1429,1519
2005-2017,2005,2017,13,-0.006118073763737582,0.00822737925130044,0.45710419316421813,579354,1533,1638
2005-2018,2005,2018,14,-0.004276937848534418,0.008343942333807933,0.6082451558110126,625379,1625,1771
2005-2019,2005,2019,15,0.00036470801440511853,0.008323879140101203,0.9650521336553621,671399,1701,1923
2006-2013,2006,2013,8,0.0006259422500908378,0.005320309251986556,0.9063438141342717,354668,953,1066
2006-2014,2006,2014,9,-0.0028360584954989264,0.006636066517345045,0.6691095531449374,399652,1074,1189
2006-2015,2006,2015,10,-0.006782622540955435,0.007670962227052726,0.3765912317730944,444590,1195,1303
2006-2016,2006,2016,11,-0.008230357361070409,0.008361262375888195,0.3249464664223205,489442,1314,1399
2006-2017,2006,2017,12,-0.009539309467134029,0.00850504569525845,0.26203004017179876,535386,1418,1518
2006-2018,2006,2018,13,-0.007488454706206452,0.008527745079409859,0.3798740701292662,581411,1510,1651
2006-2019,2006,2019,14,-0.0024230208003363568,0.008405062964390376,0.7731315730443842,627431,1586,1803
2007-2014,2007,2014,8,-0.002171094093362495,0.007000817906880776,0.7564696554925928,356065,957,1071
2007-2015,2007,2015,9,-0.0069729344214693855,0.007974918129111833,0.38192325717430686,401003,1078,1185
2007-2016,2007,2016,10,-0.008659939635958538,0.008580579126358377,0.3128553030329698,445855,1197,1281
2007-2017,2007,2017,11,-0.009864568931334375,0.00858453350807365,0.2505108352292129,491799,1301,1400
2007-2018,2007,2018,12,-0.00760959735901139,0.008505480658722196,0.370963584387208,537824,1393,1533
2007-2019,2007,2019,13,-0.002052072270922067,0.008324401534607964,0.8052852283124361,583844,1469,1685
2008-2015,2008,2015,8,-0.007221764526335502,0.008394797383248963,0.38964205218778925,356778,960,1071
2008-2016,2008,2016,9,-0.00883689317532384,0.008924963955072501,0.32210956231861365,401630,1079,1167
2008-2017,2008,2017,10,-0.009560796140164862,0.008817680202115166,0.27824258790303846,447574,1183,1286
2008-2018,2008,2018,11,-0.00674855060005949,0.008667543366532424,0.4362152883327738,493599,1275,1419
2008-2019,2008,2019,12,-0.0003260250465344514,0.008471008093387094,0.969299268483168,539619,1351,1571
2009-2016,2009,2016,8,-0.009706656533700375,0.009576838866398929,0.31079495911444044,357616,957,1042
2009-2017,2009,2017,9,-0.010120130365016942,0.009322463975330356,0.2776719778256467,403560,1061,1161
2009-2018,2009,2018,10,-0.006825074023113813,0.009082636819560896,0.4523867440958216,449585,1153,1294
2009-2019,2009,2019,11,0.0005232542299427878,0.008849047523625312,0.9528476593188059,495605,1229,1446
2010-2017,2010,2017,8,-0.01002950941484995,0.010526199194330692,0.3406843458339025,360325,945,1038
2010-2018,2010,2018,9,-0.005367000628151539,0.010117704280008515,0.595795555470617,406350,1037,1171
2010-2019,2010,2019,10,0.0037751249235077303,0.009736550846765283,0.698217975942037,452370,1113,1323
2011-2018,2011,2018,8,-0.005259135140471142,0.010371280147833015,0.6120941952311263,361300,918,1050
2011-2019,2011,2019,9,0.005129066212844693,0.009804939707800376,0.6008974087139165,407320,994,1202
2012-2019,2012,2019,8,0.013556514721695563,0.00969747714752287,0.16213035725577885,362292,874,1084
