Window,Start,End,window_years,coef,se,pval,nobs,treated,clusters,countries
1992-1999,1992,1999,8,0.013480979798700637,0.01562038915516098,0.38811691286392047,20871,205,141,48
1992-2000,1992,2000,9,0.023016580018761962,0.015639045770589097,0.14109160599581894,23711,233,152,48
1992-2001,1992,2001,10,0.030585755883061314,0.017580535881630784,0.08190273985652491,26621,265,162,48
1992-2002,1992,2002,11,0.030565001089750472,0.01786770596058593,0.08714977593084403,29510,294,174,48
1992-2003,1992,2003,12,0.03376211328326123,0.017310251353501463,0.05112709244289896,32212,323,184,48
1992-2004,1992,2004,13,0.040568038178042984,0.017311766749586673,0.019109937473776158,35187,352,195,48
1992-2005,1992,2005,14,0.04516793987960236,0.01664484646966429,0.0066550629760777835,38101,381,211,48
1992-2006,1992,2006,15,0.05440390033251076,0.016593721926867425,0.0010432955102267377,41025,410,222,48
1992-2007,1992,2007,16,0.05854581206327804,0.016488705156544346,0.000384264163991357,43996,441,234,48
1992-2008,1992,2008,17,0.05970898261855263,0.01633568226266333,0.0002570553510411841,47035,472,246,48
1992-2009,1992,2009,18,0.05964606790448908,0.01587870473068695,0.0001724053933488208,49958,500,264,48
1992-2010,1992,2010,19,0.057960791508528335,0.015392568011173505,0.00016621281011258167,53315,532,279,48
1992-2011,1992,2011,20,0.050655679528948436,0.016025570373638574,0.0015726718495674796,56713,564,293,48
1992-2012,1992,2012,21,0.045473684330276154,0.01643884765263862,0.005670798560853233,60039,597,310,48
1992-2013,1992,2013,22,0.044242983665609026,0.016755881980853208,0.008279724705704778,63378,631,322,48
1992-2014,1992,2014,23,0.04362832155478439,0.016050409133718743,0.006563691979385959,67263,665,337,48
1992-2015,1992,2015,24,0.04494685341983211,0.01575790664225921,0.0043399122070151485,71198,698,353,48
1992-2016,1992,2016,25,0.044445003879182265,0.015810530642624616,0.004937223258473383,75116,731,363,48
1992-2017,1992,2017,26,0.042640656079509044,0.016155589132268902,0.008305907762633267,79159,763,374,48
1992-2018,1992,2018,27,0.04283429059849396,0.01685686442785354,0.011051720198608825,83189,793,390,48
1992-2019,1992,2019,28,0.04477229071117015,0.01747829802143564,0.010419325790423565,87188,818,411,48
1993-2000,1993,2000,8,0.03602196475350335,0.014613357419264231,0.013701223848940944,21509,209,135,48
1993-2001,1993,2001,9,0.04092759785507363,0.01668966159165498,0.01419571200790441,24419,241,145,48
1993-2002,1993,2002,10,0.03953895138040395,0.017108037713747904,0.020825506959968848,27308,270,157,48
1993-2003,1993,2003,11,0.04291792063378591,0.016304353272762355,0.008480937541176277,30010,299,167,48
1993-2004,1993,2004,12,0.048422846014500795,0.016431619959387148,0.003209450765123812,32985,328,178,48
1993-2005,1993,2005,13,0.05207498831671235,0.015909850418757143,0.0010636402751656978,35899,357,194,48
1993-2006,1993,2006,14,0.061811470109895406,0.016107033049818337,0.00012427027953977024,38823,386,205,48
1993-2007,1993,2007,15,0.06527434465479041,0.01603933372498694,4.7085453429674945e-05,41794,417,217,48
1993-2008,1993,2008,16,0.0654653305976663,0.01592251354531045,3.9310584203698426e-05,44833,448,229,48
1993-2009,1993,2009,17,0.06446143114787695,0.015567917327975418,3.463100285691016e-05,47756,476,247,48
1993-2010,1993,2010,18,0.06217862125069247,0.014975225571797585,3.2943947603373895e-05,51113,508,262,48
1993-2011,1993,2011,19,0.053924434594216766,0.015731682464491317,0.0006085828390051682,54511,540,276,48
1993-2012,1993,2012,20,0.048384067173098996,0.016302806368977088,0.002999036090257641,57837,573,293,48
1993-2013,1993,2013,21,0.04697913976223193,0.016755058054206805,0.005049199654912127,61176,607,305,48
1993-2014,1993,2014,22,0.04645171488439312,0.016051505083228588,0.0038046936421525686,65061,641,320,48
1993-2015,1993,2015,23,0.04778635067107467,0.01583959159079091,0.0025538006281184905,68996,674,336,48
1993-2016,1993,2016,24,0.0471169424745888,0.015986710331912464,0.003206067187235754,72914,707,346,48
1993-2017,1993,2017,25,0.04502196478814405,0.016417858009598888,0.006101881997802271,76957,739,357,48
1993-2018,1993,2018,26,0.045056384566726754,0.017184637515879547,0.008744133068664615,80987,769,373,48
1993-2019,1993,2019,27,0.04707573938354617,0.017825112078246698,0.008266694295724932,84986,794,394,48
1994-2001,1994,2001,8,0.0536128112041096,0.017411089472976024,0.002075339044924616,21856,215,130,48
1994-2002,1994,2002,9,0.051315227291982374,0.017672017082846117,0.003687152825638893,24745,244,142,48
1994-2003,1994,2003,10,0.053771456122870244,0.016598175807889807,0.0011969733987838662,27447,273,152,48
1994-2004,1994,2004,11,0.05955416104744424,0.016470936720283644,0.00029952340835736436,30422,302,163,48
1994-2005,1994,2005,12,0.06252823686765113,0.015741027949805513,7.117911646899069e-05,33336,331,179,48
1994-2006,1994,2006,13,0.07290722222304283,0.015860055404344296,4.288059799478807e-06,36260,360,190,48
1994-2007,1994,2007,14,0.07544692273668963,0.015776011704816052,1.732296242325047e-06,39231,391,202,48
1994-2008,1994,2008,15,0.07389694615902853,0.015733922593965787,2.6444505996602405e-06,42270,422,214,48
1994-2009,1994,2009,16,0.07169754060175393,0.015524239281917523,3.866629884391447e-06,45193,450,232,48
1994-2010,1994,2010,17,0.06876027914187423,0.014918148382046074,4.042800395024883e-06,48550,482,247,48
1994-2011,1994,2011,18,0.05931506065619667,0.015858954768102854,0.0001839016593818279,51948,514,261,48
1994-2012,1994,2012,19,0.052642555739454436,0.016544629233479366,0.001463367565529783,55274,547,278,48
1994-2013,1994,2013,20,0.05059721307850014,0.017027982982200745,0.0029643040583385055,58613,581,290,48
1994-2014,1994,2014,21,0.049446114661420446,0.016230562084064506,0.0023153636923250115,62498,615,305,48
1994-2015,1994,2015,22,0.05038855537634729,0.01602903372417369,0.0016689459230749288,66433,648,321,48
1994-2016,1994,2016,23,0.04950637964042015,0.01620500389503333,0.002250562275687845,70351,681,331,48
1994-2017,1994,2017,24,0.04713203276378872,0.016694590098736143,0.004754809125889267,74394,713,342,48
1994-2018,1994,2018,25,0.04701448366951098,0.01752301835701493,0.007296218374273613,78424,743,358,48
1994-2019,1994,2019,26,0.049135497393296715,0.01818317549227271,0.006887182582267152,82423,768,379,48
1995-2002,1995,2002,8,0.0563925226931266,0.01743777298258673,0.0012209973326555493,22225,220,131,48
1995-2003,1995,2003,9,0.057846602655887175,0.01633709732319702,0.0003988965504610402,24927,249,141,48
1995-2004,1995,2004,10,0.0638047057294934,0.015855338235389243,5.717462528694738e-05,27902,278,152,48
1995-2005,1995,2005,11,0.06661870695372302,0.014937064559022769,8.197504040853051e-06,30816,307,168,48
1995-2006,1995,2006,12,0.07774566840157121,0.015131025893942194,2.7743806564361994e-07,33740,336,179,48
1995-2007,1995,2007,13,0.07965039848712083,0.015043129034912527,1.1914505368283382e-07,36711,367,191,48
1995-2008,1995,2008,14,0.07700257539379037,0.015001446026544994,2.8514445486025437e-07,39750,398,203,48
1995-2009,1995,2009,15,0.0740665211384059,0.014892995419681919,6.584122364870076e-07,42673,426,221,48
1995-2010,1995,2010,16,0.07037331262573092,0.014317822461979952,8.874400439769127e-07,46030,458,236,48
1995-2011,1995,2011,17,0.05994016377734253,0.015466318880824474,0.00010639340790527033,49428,490,250,48
1995-2012,1995,2012,18,0.05241168537232879,0.016339970000285853,0.0013385897875211857,52754,523,267,48
1995-2013,1995,2013,19,0.05019163171589643,0.016899939538720495,0.0029786794264341303,56093,557,279,48
1995-2014,1995,2014,20,0.048915515707267036,0.015992216075525135,0.0022229386798429916,59978,591,294,48
1995-2015,1995,2015,21,0.0499536689042208,0.015810056301458594,0.001579785004784062,63913,624,310,48
1995-2016,1995,2016,22,0.04913548742042885,0.016040531831782112,0.0021897770543392887,67831,657,320,48
1995-2017,1995,2017,23,0.04679582478242146,0.016613455381778865,0.00485134134656429,71874,689,331,48
1995-2018,1995,2018,24,0.046724991997032804,0.01752083145790039,0.007657152330215937,75904,719,347,48
1995-2019,1995,2019,25,0.049039344315240596,0.018209269656431715,0.007079149692575846,79903,744,368,48
1996-2003,1996,2003,8,0.057461009489498144,0.017512654279282794,0.0010339806181317592,22304,223,128,48
1996-2004,1996,2004,9,0.06374305737054779,0.016399361387577877,0.00010152287881545635,25279,252,139,48
1996-2005,1996,2005,10,0.06705250004509476,0.014957248634774017,7.36204381383357e-06,28193,281,155,48
1996-2006,1996,2006,11,0.0797456627114295,0.015156197087282884,1.428166086382111e-07,31117,310,166,48
1996-2007,1996,2007,12,0.08101906307444229,0.01493867257616271,5.8461340844897484e-08,34088,341,178,48
1996-2008,1996,2008,13,0.07758832251041045,0.014783599606826563,1.5353415583241298e-07,37127,372,190,48
1996-2009,1996,2009,14,0.07376534916778618,0.014693906068259136,5.163596377244802e-07,40050,400,208,48
1996-2010,1996,2010,15,0.06959771284086103,0.014155051563425303,8.796541543862707e-07,43407,432,223,48
1996-2011,1996,2011,16,0.057619396748448,0.015531424019177661,0.00020737452047283413,46805,464,237,48
1996-2012,1996,2012,17,0.0488098127752189,0.016628225296877994,0.0033316185827526714,50131,497,254,48
1996-2013,1996,2013,18,0.04626776054648743,0.01730051360509012,0.0074872559651721635,53470,531,266,48
1996-2014,1996,2014,19,0.045017304658253925,0.016328186211945872,0.0058328940482868345,57355,565,281,48
1996-2015,1996,2015,20,0.04658863200107867,0.01621986974268624,0.004074720606685282,61290,598,297,48
1996-2016,1996,2016,21,0.0462002130288532,0.016562956868192192,0.005281071273965045,65208,631,307,48
1996-2017,1996,2017,22,0.04406450753701434,0.017234531576455672,0.01056530242874769,69251,663,318,48
1996-2018,1996,2018,23,0.044224629252542016,0.018220401910913515,0.01521570467087569,73281,693,334,48
1996-2019,1996,2019,24,0.046992799293732124,0.018945093974220985,0.013120809920350003,77280,718,355,48
1997-2004,1997,2004,8,0.06492852561896185,0.017851064781378927,0.0002755800029155721,22571,229,126,48
1997-2005,1997,2005,9,0.06757187886333071,0.015370788372428989,1.1020141798716386e-05,25485,258,142,48
1997-2006,1997,2006,10,0.08142743599985779,0.01586599906167166,2.863792141880314e-07,28409,287,153,48
1997-2007,1997,2007,11,0.08136245365155656,0.015372065711580207,1.2040688279530226e-07,31380,318,165,48
1997-2008,1997,2008,12,0.07631062538092027,0.014998629229440542,3.6216475704921934e-07,34419,349,177,48
1997-2009,1997,2009,13,0.07156189824688983,0.01488870961387916,1.5363079174557048e-06,37342,377,195,48
1997-2010,1997,2010,14,0.06668924720172131,0.014401400110918542,3.6434801682337743e-06,40699,409,210,48
1997-2011,1997,2011,15,0.05302980333009169,0.01590882685070321,0.0008580468953787099,44097,441,224,48
1997-2012,1997,2012,16,0.04290141743989339,0.017096638293118242,0.012095421187908992,47423,474,241,48
1997-2013,1997,2013,17,0.0404881792096948,0.017758000751733772,0.022607897233180244,50762,508,253,48
1997-2014,1997,2014,18,0.039589383298420204,0.01665350080869772,0.01744269224978618,54647,542,268,48
1997-2015,1997,2015,19,0.04198278468781813,0.016582052498634488,0.011347198054876722,58582,575,284,48
1997-2016,1997,2016,20,0.04222433419657946,0.017012710425811383,0.013067342086199418,62500,608,294,48
1997-2017,1997,2017,21,0.040391546941301384,0.017781273747979214,0.023112022191415515,66543,640,305,48
1997-2018,1997,2018,22,0.040930270077073325,0.018849447757074204,0.029898628188943035,70573,670,321,48
1997-2019,1997,2019,23,0.044134132764413525,0.01958817948749791,0.024252826583451535,74572,695,342,48
1998-2005,1998,2005,8,0.04177129937223344,0.012907510433714768,0.0012113201606675458,22808,231,131,48
1998-2006,1998,2006,9,0.060959955210149123,0.015246776316057324,6.382080997418573e-05,25732,260,142,48
1998-2007,1998,2007,10,0.06236350957495965,0.01484175600700594,2.6468917945475513e-05,28703,291,154,48
1998-2008,1998,2008,11,0.058442832799224215,0.014287929884348492,4.306968655332872e-05,31742,322,166,48
1998-2009,1998,2009,12,0.0549454080840613,0.014364110149906956,0.0001306728354348975,34665,350,184,48
1998-2010,1998,2010,13,0.05163921365499684,0.014017254128735997,0.0002296247802753132,38022,382,199,48
1998-2011,1998,2011,14,0.03893163423780795,0.015457823556602947,0.011783194904688486,41420,414,213,48
1998-2012,1998,2012,15,0.030242896417975226,0.01668942426939485,0.06997083248400199,44746,447,230,48
1998-2013,1998,2013,16,0.029799575618840727,0.01746676215896595,0.08799444301247139,48085,481,242,48
1998-2014,1998,2014,17,0.03044486822789135,0.016218970076550914,0.06050236596698127,51970,515,257,48
1998-2015,1998,2015,18,0.03430923343795617,0.016212244337002805,0.034323176611934215,55905,548,273,48
1998-2016,1998,2016,19,0.03570076806554062,0.016803411582197034,0.03361881199646596,59823,581,283,48
1998-2017,1998,2017,20,0.034665144411187836,0.017689445788164535,0.050036567710765256,63866,613,294,48
1998-2018,1998,2018,21,0.035986333456765655,0.018859560507254427,0.056375510561217104,67896,643,310,48
1998-2019,1998,2019,22,0.040024863807326505,0.019639343504941106,0.041550535055656056,71895,668,331,48
1999-2006,1999,2006,8,0.056379327715986034,0.018271265187329157,0.0020308538411187927,22982,233,129,48
1999-2007,1999,2007,9,0.058679629535676195,0.017035053909631233,0.0005718202454614549,25953,264,141,48
1999-2008,1999,2008,10,0.05377222869531618,0.015803894991032824,0.0006678045788902224,28992,295,153,48
1999-2009,1999,2009,11,0.05025203520945673,0.015636909486608157,0.0013104528270339625,31915,323,171,48
1999-2010,1999,2010,12,0.04670000399299683,0.015128561750250596,0.0020227151321157966,35272,355,186,48
1999-2011,1999,2011,13,0.03289332743727468,0.016566941471559883,0.047091116702946856,38670,387,200,48
1999-2012,1999,2012,14,0.023906457646164128,0.017685177723898285,0.17644591926823838,41996,420,217,48
1999-2013,1999,2013,15,0.02432563811192017,0.01833713653380936,0.1846483858573299,45335,454,229,48
1999-2014,1999,2014,16,0.025925169829032136,0.016826752068715353,0.12338702523409817,49220,488,244,48
1999-2015,1999,2015,17,0.030644166036082186,0.016776490248041273,0.06775788001849946,53155,521,260,48
1999-2016,1999,2016,18,0.032815384063628696,0.01740650152007683,0.05939782148115788,57073,554,270,48
1999-2017,1999,2017,19,0.03219573827503017,0.018315185370180224,0.07876941423732428,61116,586,281,48
1999-2018,1999,2018,20,0.033931894420655834,0.019474935210548196,0.08144954451015753,65146,616,297,48
1999-2019,1999,2019,21,0.03851995104294875,0.020172639772843396,0.05619573453643508,69145,641,318,48
2000-2007,2000,2007,8,0.05599450742182811,0.018045235881793097,0.0019156460115167023,23125,236,130,48
2000-2008,2000,2008,9,0.04994119964342273,0.016089414983247206,0.0019093714704701641,26164,267,142,48
2000-2009,2000,2009,10,0.047103515238954605,0.015863691603682662,0.0029851236806841402,29087,295,160,48
2000-2010,2000,2010,11,0.04308725679288064,0.015368500691470941,0.005053425019096932,32444,327,175,48
2000-2011,2000,2011,12,0.028125411773371883,0.016797933608578664,0.09406426966765673,35842,359,189,48
2000-2012,2000,2012,13,0.018871750169357628,0.017839738007457317,0.2901242597875956,39168,392,206,48
2000-2013,2000,2013,14,0.020417627731345072,0.01843197580580362,0.26797902100516136,42507,426,218,48
2000-2014,2000,2014,15,0.022654812504422424,0.01687158620384738,0.17934352884398042,46392,460,233,48
2000-2015,2000,2015,16,0.028063117407026952,0.016882644823307823,0.0964633583404928,50327,493,249,48
2000-2016,2000,2016,17,0.03069282907739646,0.017563756476545164,0.0805490203849347,54245,526,259,48
2000-2017,2000,2017,18,0.03020896954379481,0.01848522883424902,0.10221222305599298,58288,558,270,48
2000-2018,2000,2018,19,0.032241818341803105,0.01962480443364646,0.10040122999657139,62318,588,286,48
2000-2019,2000,2019,20,0.03724645731338095,0.020223794008248575,0.06551690297019035,66317,613,307,48
2001-2008,2001,2008,8,0.05300923520836742,0.01650209424011505,0.0013168907635032119,23324,239,132,48
2001-2009,2001,2009,9,0.04979533094095255,0.01619527830232839,0.0021072709419814035,26247,267,150,48
2001-2010,2001,2010,10,0.04450734619096482,0.01567651900671029,0.004523970055180168,29604,299,165,48
2001-2011,2001,2011,11,0.028203067424441557,0.016691649343851433,0.09109468063299356,33002,331,179,48
2001-2012,2001,2012,12,0.018357641680424606,0.017401887628250026,0.2914608003734044,36328,364,196,48
2001-2013,2001,2013,13,0.020921183206855477,0.017790532383951427,0.2396057224387066,39667,398,208,48
2001-2014,2001,2014,14,0.02412822453631587,0.016447170810838574,0.14237233465765683,43552,432,223,48
2001-2015,2001,2015,15,0.029196119437294974,0.016704819572470817,0.08050451606773622,47487,465,239,48
2001-2016,2001,2016,16,0.03200297688189732,0.017558185750615164,0.06835167369775026,51405,498,249,48
2001-2017,2001,2017,17,0.031501341702365106,0.018561899284743836,0.08967834254037006,55448,530,260,48
2001-2018,2001,2018,18,0.033676493855616975,0.019729265343827986,0.08783488530383966,59478,560,276,48
2001-2019,2001,2019,19,0.03900950596121429,0.02022589090845063,0.053769159284554904,63477,585,297,48
2002-2009,2002,2009,8,0.05471770866731576,0.01718438314597624,0.001451781526014124,23337,235,138,48
2002-2010,2002,2010,9,0.04673121863891122,0.016533853263148393,0.004707501066637263,26694,267,153,48
2002-2011,2002,2011,10,0.027851330525439037,0.016980076050900187,0.10095612511775291,30092,299,167,48
2002-2012,2002,2012,11,0.016745328570734904,0.01714604462689419,0.32875273672133465,33418,332,184,48
2002-2013,2002,2013,12,0.02030462437660504,0.017230998881042497,0.2386460743747142,36757,366,196,48
2002-2014,2002,2014,13,0.0245682251234033,0.016117457307359157,0.12742782368751437,40642,400,211,48
2002-2015,2002,2015,14,0.029820011265767627,0.016676448363750353,0.0737516159669282,44577,433,227,48
2002-2016,2002,2016,15,0.03262072051123441,0.017734134854458128,0.06585179230660541,48495,466,237,48
2002-2017,2002,2017,16,0.03185566245843607,0.018809046933549754,0.09033464014471908,52538,498,248,48
2002-2018,2002,2018,17,0.03412126313066177,0.02000610478439043,0.08809328209572026,56568,528,264,48
2002-2019,2002,2019,18,0.039810896901255576,0.020358822687356105,0.05052860621479823,60567,553,285,48
2003-2010,2003,2010,8,0.04336412608360177,0.0164652682536395,0.00844668888491995,23805,238,143,48
2003-2011,2003,2011,9,0.02208930411242576,0.016764280145078726,0.18762382862354976,27203,270,157,48
2003-2012,2003,2012,10,0.010298187364634528,0.01661702799917267,0.5354309405825153,30529,303,174,48
2003-2013,2003,2013,11,0.015339846221475764,0.016617049770284928,0.3559347880664493,33868,337,186,48
2003-2014,2003,2014,12,0.02072223299398939,0.015880968359257692,0.191944971253881,37753,371,201,48
2003-2015,2003,2015,13,0.027085611127251216,0.016623960763420507,0.10324708424018807,41688,404,217,48
2003-2016,2003,2016,14,0.030412333317885128,0.017754268296453143,0.08672008629416271,45606,437,227,48
2003-2017,2003,2017,15,0.02987915531038234,0.01885066197492972,0.11295601641133267,49649,469,238,48
2003-2018,2003,2018,16,0.03255000500513043,0.01999327121925468,0.10351471057807146,53679,499,254,48
2003-2019,2003,2019,17,0.038984523653828984,0.020278984165606716,0.05455417771889711,57678,524,275,48
2004-2011,2004,2011,8,0.01166292912941444,0.015663714580490144,0.45652409763485524,24501,241,146,48
2004-2012,2004,2012,9,0.000728088005326576,0.015040529019084247,0.9613907617249006,27827,274,163,48
2004-2013,2004,2013,10,0.006337706423300586,0.014855785845260809,0.6696595083591832,31166,308,175,48
2004-2014,2004,2014,11,0.012799107025570385,0.015324195581220262,0.403592660933788,35051,342,190,48
2004-2015,2004,2015,12,0.019540487468888826,0.016506506974541757,0.23649021503204593,38986,375,206,48
2004-2016,2004,2016,13,0.023217040694007676,0.01766045123434646,0.18863272732157776,42904,408,216,48
2004-2017,2004,2017,14,0.022933371486938463,0.01870415741851392,0.22015694052205126,46947,440,227,48
2004-2018,2004,2018,15,0.02613896808585507,0.019695078430987764,0.18444824166840668,50977,470,243,48
2004-2019,2004,2019,16,0.033591981484544765,0.01984948359358364,0.09058206365173427,54976,495,264,48
2005-2012,2005,2012,8,-0.012435469316645988,0.015737812083157308,0.429431375071055,24852,245,147,48
2005-2013,2005,2013,9,-0.006328405769140916,0.015211838856813079,0.6773964954839329,28191,279,159,48
2005-2014,2005,2014,10,0.004709888149309192,0.01698818307354429,0.7815920184773353,32076,313,174,48
2005-2015,2005,2015,11,0.013280808494822488,0.018052684447452068,0.4619318839723262,36011,346,190,48
2005-2016,2005,2016,12,0.018110449088534604,0.018864771564421387,0.3370480547589191,39929,379,200,48
2005-2017,2005,2017,13,0.018449317501325946,0.019531688243637293,0.34487136945526087,43972,411,211,48
2005-2018,2005,2018,14,0.022609395475610562,0.02012588946233726,0.2612682561704648,48002,441,227,48
2005-2019,2005,2019,15,0.03146372430586421,0.020041001055018902,0.11642262620688301,52001,466,248,48
2006-2013,2006,2013,8,-0.0033950316108130162,0.013503575240362782,0.8014915404546096,25277,250,148,48
2006-2014,2006,2014,9,0.006716844569923864,0.016491126659783223,0.6837872761970072,29162,284,163,48
2006-2015,2006,2015,10,0.013210963622028712,0.017307720421631544,0.44528516958071285,33097,317,179,48
2006-2016,2006,2016,11,0.016464564110031478,0.017693264588295236,0.35208355904012223,37015,350,189,48
2006-2017,2006,2017,12,0.016102478901256337,0.017968055229668073,0.3701605833645192,41058,382,200,48
2006-2018,2006,2018,13,0.020204704809416284,0.0182608607349859,0.26853237579947964,45088,412,216,48
2006-2019,2006,2019,14,0.029568590282909146,0.01798135137966484,0.10009296139855364,49087,437,237,48
2007-2014,2007,2014,8,0.009038711014344778,0.017613707620620395,0.6078369888874005,26238,255,151,48
2007-2015,2007,2015,9,0.014037741262161497,0.017621809092139767,0.4256765154906268,30173,288,167,48
2007-2016,2007,2016,10,0.015846526792800252,0.017394727285185686,0.3622974868655441,34091,321,177,48
2007-2017,2007,2017,11,0.014987613896658989,0.017101453362609292,0.38081579071962923,38134,353,188,48
2007-2018,2007,2018,12,0.019331351692846385,0.016913675555154144,0.2530626354794322,42164,383,204,48
2007-2019,2007,2019,13,0.029579807434833495,0.016471045602661317,0.07251567012751063,46163,408,225,48
2008-2015,2008,2015,8,0.013890518394686364,0.0181958813423485,0.44523200393180073,27202,257,155,48
2008-2016,2008,2016,9,0.014402400766904907,0.017831480714080236,0.41926608734944826,31120,290,165,48
2008-2017,2008,2017,10,0.013760474306032954,0.01747801094783708,0.43110505462798665,35163,322,176,48
2008-2018,2008,2018,11,0.018894437837977878,0.017252246581109732,0.2734346776380747,39193,352,192,48
2008-2019,2008,2019,12,0.030666242533872526,0.017125547805662177,0.07334591179381113,43192,377,213,48
2009-2016,2009,2016,8,0.009099765477213119,0.01965430978553486,0.6433709299740188,28081,259,147,48
2009-2017,2009,2017,9,0.008064749610568267,0.019380757074798114,0.6773211016734171,32124,291,158,48
2009-2018,2009,2018,10,0.014307656883605819,0.01923445666227014,0.4569638835473999,36154,321,174,48
2009-2019,2009,2019,11,0.028126772945182465,0.019260053410962315,0.14418885890585365,40153,346,195,48
2010-2017,2010,2017,8,0.01370209130278586,0.022360414194624745,0.5400195487194588,29201,263,143,48
2010-2018,2010,2018,9,0.021933436043930686,0.02200312022180771,0.31884558390134277,33231,293,159,48
2010-2019,2010,2019,10,0.03789173011723597,0.02191583230713586,0.08381517061964903,37230,318,180,48
2011-2018,2011,2018,8,0.02239258311768621,0.02202205600692215,0.30923655695383434,29874,261,145,48
2011-2019,2011,2019,9,0.04120659298231327,0.021695920267549514,0.05752787979939829,33873,286,166,48
2012-2019,2012,2019,8,0.05415945857498021,0.023709101740682144,0.022352029643076723,30475,254,149,48
